Id,Value (M)
280,19.701363854712838
569,17.654396908799356
8731,1.1150282935576001
10085,0.40757272383331156
9831,0.5378448651986787
7346,1.0105837333852037
10496,0.6243213258795208
8318,1.1525957795652744
17589,0.31641533208374995
3615,1.5410251517781148
1303,5.188758052430387
9425,0.7567503577109278
108,31.472862791480168
15757,0.2399009624694486
8768,0.6645801431744189
15149,0.20886004039817863
3442,2.441661721610501
11995,0.4147204966578215
6585,1.1562941113623424
18,8.990926103442746
15182,0.19644242917939891
14631,0.24901028414211623
2324,4.600335166341495
1614,5.77703887573449
17085,0.18578032464512262
8561,0.7858972504059807
8122,0.6727644345112935
412,12.674304406674366
2249,7.4202829153148855
2685,4.458921182904589
16094,0.33231368988191434
14387,0.19180810724270714
12257,0.6086663451974914
2013,5.1389355595006805
3988,3.517736457695321
5369,-0.002514827890934157
13790,0.16110655588141753
482,14.024371987500274
7328,1.7055031820712543
17121,-0.25438629386979983
13305,0.33532807081888905
16634,0.35363953998790976
16766,0.32091986626124935
11989,0.3248493807478212
177,13.853665772602255
16628,0.35430126310399146
8120,1.1862751694055191
4069,4.3836553998888235
5618,3.393216957247944
11309,0.7173125379043199
15007,0.17688017196229566
2019,6.516625327424265
10905,0.21092317271569527
14866,0.22295601097590634
2099,5.902678847375057
14183,0.29488862165209184
3839,3.051591012623078
9164,0.20880645992957625
15227,0.2668831139765757
3374,4.085395643383492
5413,2.8084752882703583
16516,0.3022447934914112
13373,0.3353721651458841
8823,0.1768878376406633
11210,0.3631182921856748
11486,0.3390355597489929
2443,3.9898935188066957
7564,0.9054872112911312
4263,2.013112717812703
3405,4.503739376486976
14382,0.18967789911727095
2662,1.0640762001181088
2816,3.388136049820389
5927,1.6103818811639599
15028,0.3320806915194794
8814,0.5870093270178245
12158,0.38025103409387384
5833,1.511366262881495
16331,0.23744286258903458
5905,1.9782120323239383
6523,2.995041971380317
1122,8.295204839797918
14250,0.5310980152499383
14604,0.2696762332271305
8420,1.0784169848573697
16088,0.2750425057629968
5088,0.7741336976624211
3087,1.806108596326851
16946,0.3290328057278771
14846,0.19368076479923957
13055,-0.16325566940116687
3285,2.5968171915674816
2597,3.5452807733391296
9529,0.6445934638271069
1522,7.583686665492962
3987,2.297181821361903
6902,0.354029905343225
3108,4.95610637243459
7026,0.9263419665829247
6885,0.5865137453748162
10399,0.5508566577632905
8395,0.32187316992468595
4255,3.6779337165974653
16589,0.28040600546097494
12437,0.6144261935231157
369,15.607815798755894
13474,0.291981193149752
16333,0.13886107260879044
16219,0.29569278487298334
15651,0.22971084062356795
7171,1.1377750658853643
2709,5.850606224796877
12293,0.21649074706857618
14738,0.19217773318183617
14039,0.17990812501221853
3755,2.125728823064321
6373,1.388542936070337
682,8.882723147759464
7248,1.0609520876822103
8916,0.5591074803117522
6710,1.3569683644269048
14360,0.38011442547968954
5951,2.2387915034042294
3672,4.734753956845054
11867,0.2603628461484391
13995,0.1957453745886255
6502,2.4510519233852506
732,13.70151138381135
9997,0.4716955315205382
13434,0.23720316719396806
17911,-0.036134607420137854
3540,4.452862917128471
8031,0.4615828204755985
14851,0.17265550949429098
12276,0.34305257335569195
16859,0.2981562888983831
3356,3.955999593639092
10071,0.7860713040961969
7726,0.5949670310215538
128,39.210253249572645
17632,0.318644990454402
1991,5.901351034716129
3506,3.503595090393958
2826,4.389785457361143
10611,0.47638611239068496
2317,7.718352531377434
15582,0.26251735253259767
14400,0.1462853815033327
13695,0.30150371753740046
17406,0.2860144971021441
9339,0.7259970760895271
2308,5.28263390704916
16785,0.2675837499776321
12846,0.39714019358490305
10930,0.49825759073274867
8648,1.011409639660826
17739,0.0023595475622073536
1926,5.9956385777769015
12966,0.4259594363123256
8075,1.2815578344917071
15741,0.22346875112754105
15823,0.3659919601819297
9944,0.6485493788396184
8440,0.7644027357237633
15613,0.21938061813472132
8638,1.3080667813772493
4227,2.382205912331358
14290,0.12007149461129529
4936,1.3160122721010907
11367,0.44343862223473707
5748,2.1780053882967536
9489,0.7605634575427871
11597,0.4732070530945407
8690,1.0177769583393115
2017,5.1389355595006805
13720,0.3545321825916403
8230,1.840679285151566
14558,0.1920432756563173
17767,0.06867476334645062
2312,5.021273048359319
11285,0.5309786669036498
667,10.693560084870171
9347,1.0103971509784628
12638,0.5362961398871562
9537,0.7106411903965295
9430,0.6969868478796002
11439,0.2859483730135821
576,16.093093228599912
1110,11.478073083618767
5741,1.9788520418329085
11870,0.44727027311347456
3219,3.794715212407084
189,17.158043480430536
543,17.47437145106352
4129,2.5130963481202
14005,0.30150371753740046
4651,2.446073070989371
15380,0.16124896701018088
10400,0.595184822177373
2605,4.7801451293456125
9403,1.254268856228066
16181,0.25139569056665323
5687,1.193346439667323
2290,1.4659482813040654
6829,0.8027169637351221
6436,1.3675655824332011
15170,0.22801140455936775
17070,0.2798851325460987
12526,0.20385613707782113
10642,0.5583282422563229
1666,6.401804325712021
2270,4.211394212724883
17842,0.025865019938521527
4664,3.0530650470903424
16081,0.2588400699608542
5018,1.6170799040469888
5415,1.9831952750162714
8459,1.3027558284698557
2459,5.062513299287332
16656,0.306344743197144
782,11.988422101619392
14443,0.2848785936085392
13069,0.3436273821290001
16997,0.2895092505728485
3159,3.8686304529026643
14031,0.18000052647408893
7187,1.638099316411001
15318,0.3681130400119059
14057,0.31537984696780086
13453,0.2285659180825519
7919,1.1650263988777283
5872,1.458691172270676
11583,0.3089946399823589
6783,1.1400382472871229
6034,1.3723336614526147
5503,1.2740597931054367
7440,0.9118462625113466
4985,1.9849387526474516
17636,0.22016567789495411
14213,0.2948378599344892
11889,0.2819722646748346
12611,0.26064642365810187
13747,0.39227328809380424
12772,0.26489775766896173
2212,5.555582051072008
5939,1.4358594945088612
2199,5.103293231796727
1138,10.03271157773412
13541,0.43936226299143755
7835,0.8354394779024119
6615,2.1404744494748797
10564,0.3872553054066543
15017,0.23608036092701923
8660,1.0798271416852572
9411,0.4304003153684448
9886,0.42250767681508705
14792,0.040968859879114916
10796,0.4958112066729541
8362,1.2809425616706562
9191,0.6523779937770655
7031,1.4566924065123317
10019,0.38943123457062256
4991,0.13897006982057292
6147,1.3490985778087747
6087,0.9438720799326461
11941,0.45956341507786647
15919,0.0921079977161412
15530,0.20772124046794715
16296,0.2600175060193237
13463,0.1883574008546134
845,8.512777211211471
17318,0.3030101297384249
9532,0.9707214813418545
1442,7.6622313184146265
6462,1.7013698825358574
11749,0.4117932816550933
1265,7.383013493760302
3702,4.8007932797734725
13936,0.34186523658428314
16182,0.2539544416159174
7790,0.4546653287796403
3499,4.604790156305
8806,0.7893565996840266
3476,4.248493147285956
10542,0.8251854952064264
321,22.12438138557087
16544,0.2802234495955531
563,15.950966049063311
10474,0.46764336789925665
16125,0.2787672570798918
10801,0.2971623925960216
5090,3.0003468523635206
14050,0.27119910953325643
13113,0.45707573312171235
15029,0.21099036490437584
1831,5.963238531539957
6713,1.1295092660805608
11683,0.43999351474514015
243,19.475493333002817
92,39.76945317208407
1326,4.293363377326898
7539,1.2226059252255368
6245,1.3110702704209984
6805,1.2719528244068101
8024,1.3764333814038423
4176,2.9549193736698385
12556,0.3101658023288678
6628,1.1854502960912328
17109,0.2928098182151757
7145,0.6640148550803247
8431,1.1969799937631365
4992,2.0993066021290474
15353,0.27309014975145374
1758,8.263994691686605
2870,2.4479246085382442
7530,0.7035614525719325
13372,0.1951558996357221
11955,0.41129403887617855
17456,0.27174759898815637
9727,0.6740337526990174
5717,0.8575893222856052
10952,0.3058973748186986
334,20.0140050646001
11544,0.33988484811635544
8083,0.3228732016401068
10377,0.38943123457062256
13448,0.27980752312515733
10476,0.4668914166575746
511,11.630984455392593
2288,5.118721829670051
9288,0.7512416017332839
4715,2.3555132137392434
5103,1.582576940262527
8111,0.8809776883177278
1556,8.956051457729075
9644,0.6030060768267163
12850,0.28955115053196323
13147,0.48582275937570785
9440,0.49139613478047295
14492,0.19209846205905023
7535,0.06361574430508199
137,31.09306311698498
5661,1.7522432689673337
2070,4.235214306164664
12348,0.2532785315307251
6835,1.9826588003350594
14987,0.25338272378422744
14092,0.39695900219663827
7284,1.0211612018165965
13970,0.5506391176587044
2178,5.404628407152188
568,14.838555536470324
10149,0.5895294876582398
1045,3.901424790062322
42,36.82485196289605
2973,6.206110025706778
11837,0.6390605643499043
8625,0.9244484024562212
16130,0.2645509458153015
12889,0.255684620469367
2314,4.570268861355828
4149,1.2591406961237794
10342,0.36335217576430523
12541,0.31186466402465385
1183,9.41482157556294
9319,0.5572628037207892
10697,0.3640819203920387
9234,0.5572628037207892
2722,4.315716746290093
16346,0.2673577080232121
9499,0.8570317665008247
6826,1.2495932909990302
15431,0.21824781271817528
17184,0.29019148671233097
801,5.659524204599677
2468,7.4925885437094735
9698,0.606651029008674
13652,0.3361008184222669
4750,1.1211790076302464
10046,0.7946580868925253
10206,0.39088941512960673
13242,0.18708609955416478
16425,0.32635426169082393
6196,1.4697231670314181
6404,1.8078287433996252
10464,0.4464373466369693
3133,1.8611910592495065
8846,0.5870093270178245
15800,0.18727146794213922
4668,2.75461821000232
689,2.314833539639096
5165,1.718266672999846
14209,0.19233189133507267
7629,1.392129161637115
9780,0.6404377359727391
1457,6.171905097022602
12444,0.2811292652918951
2800,1.9129616920432113
6223,1.2005014033064185
597,15.65962460549946
11041,0.3205479542639864
11705,0.3005251452628386
16157,0.22952655323643967
4097,2.0257251959783957
3291,2.9338777842236254
9069,0.7512416017332839
448,19.25684415728125
8965,0.6480433345653296
13139,0.1951558996357221
13598,0.2333985546475219
14236,0.27893797538882836
15158,0.11736312103363389
15389,0.15919052141640577
4676,2.2107802069429567
36,54.82838342044039
254,20.283687215855082
17354,0.3859763148633988
17753,-0.14547428412339514
13761,0.2960942857933446
14780,0.25520515141926126
9102,0.5513132277974933
14647,0.19180810724270714
491,10.040521222136306
6977,1.4067492513725597
12131,0.1864138795952499
15481,0.2571269119997055
11379,0.3263405859548243
11533,0.36625465226376264
12657,0.3286688843145953
15162,0.20531971280416883
10191,0.19250020213036123
6141,1.476072707506603
15307,0.24146244671857175
12456,0.3289617423418463
6764,-0.013370627697383952
14279,0.11713664454447326
3994,2.649393893334775
9132,0.8507567278518877
10561,0.40757272383331156
15648,0.25197786817426504
8641,0.2261635118982781
8324,0.5440410012859616
3036,1.8664236108659793
15859,0.24323156372116728
13143,0.23720316719396806
13582,0.317018645082328
2444,4.223457180408616
5884,0.8545648577742782
9413,0.8593377096661357
16527,0.49226694993996034
11203,0.44727027311347456
7965,1.4943129313545
8737,1.6587581970234737
12512,0.2834087432320871
14999,0.17998729446100015
10139,0.5208607390389375
6518,1.656762616702565
13809,0.22698272634517025
17322,0.26284615071205053
6342,1.7257366729057253
13233,0.19618459725944604
5723,1.5883469495389022
298,13.508099194226418
13600,0.39611482586366265
11536,0.309106724307469
9076,0.23779470730897856
2164,2.4182565222309336
9576,0.3616041639070886
13839,0.19233189133507267
778,11.348172978666128
10140,0.4666588237747078
1195,11.212915583899132
11000,0.5460130706697441
1337,5.1995804724606955
14776,0.23404034681885832
16719,0.31442922285833674
3749,3.5354159383308
15083,0.2384121111745685
11490,0.3390355597489929
5192,1.630799981142502
535,19.256023169150296
9469,0.5242189214421273
16860,0.308440972465462
2129,4.328200991440383
5182,1.7685518850192352
16083,0.12267498509760344
2339,4.211394212724883
10586,0.14967712912499564
12641,0.28395328170773837
2806,3.6180135658185577
15246,0.2613292494543771
5701,2.5868040943030906
16757,0.28989470160860265
9849,0.624840826659522
9610,0.5891609037849435
15011,-0.03401763643631739
4445,2.0866289381515912
3773,2.3110851174422464
503,8.566700464168264
14707,0.14239552368718478
288,17.121690959790214
4773,1.9991592202841844
16559,0.20401378905290812
3357,3.158355967632872
400,18.87153879314002
15250,0.23939450869949042
1565,7.493905818203359
16165,0.2447504690615574
14799,0.19209846205905023
16810,0.2958149314463867
15222,0.19653206007416202
12061,0.31089546443564586
4984,1.9810510159002774
6386,0.5058981959803646
17924,-0.22493612115380301
3501,2.5394531588609084
9605,0.4059311639496741
9150,0.5912847633410934
2190,5.283032845299942
14853,0.1825992985976086
8452,0.31902916436621354
5436,1.7439275444601776
8607,1.2347414716594471
9876,0.11900171077792265
8853,0.8570846742603067
9748,0.6325341011204841
6629,1.7023969109509949
3937,2.268840272036698
12226,0.22719712022359317
630,14.705602333977424
6016,1.4728467612413283
3121,1.87681203653284
11651,0.5612844434393196
10975,0.32376465900739504
10234,0.46674391753555255
9408,0.45878877440287624
1446,7.540524078506053
16252,0.18229603628043378
6073,0.7557261329239395
17047,0.08042660501592991
8171,0.5440410012859616
16281,0.2645509458153015
8749,0.5949670310215538
15658,-0.15186906697266522
760,15.61020970218516
8457,1.0328748472400662
1141,11.904661760568672
12853,0.26489775766896173
7721,1.0996421209227378
9331,0.3616041639070886
10486,0.4870173836064282
6174,1.331670659500844
5445,1.5191385799087698
11143,0.2477508278244045
15964,0.30536190176945865
7080,1.1059890396077776
13824,0.21430197172736598
833,12.80143233397149
6770,1.2515307507490547
545,14.680520429067712
17714,-0.14547428412339514
9781,0.49956443571073805
9520,0.580228503482715
12658,0.595735309675149
12648,0.25530677282500847
9095,0.7106411903965295
15319,0.21824781271817528
183,24.097634840062767
15372,0.18838489158139282
5069,2.0461679327980278
10659,0.5666786904876631
10623,0.709570025965661
13915,0.2626199935749014
6869,1.172634092025703
14198,0.29922350408429566
3608,2.4662268245697874
11830,0.35966600725561193
16155,0.013800547021048715
4838,4.273592359851648
7380,0.36170358165105654
6243,1.455959550260161
4317,2.321196159810654
17558,0.2445325678057202
7439,1.0663119003161796
10217,0.7440218877587199
12670,0.5925485014354877
14977,0.2746188503284088
9770,0.5619431035761977
16128,0.2767206482267852
8479,1.166205224119551
8454,0.9320998364638058
6880,1.7579909061960848
610,15.346097984663459
17432,0.34520958653234857
13027,0.4259594363123256
14739,0.2581507641255598
1051,10.979278210066752
4828,2.2212409003453217
5135,2.3884716785553906
8273,0.6331918986007281
11900,0.2819722646748346
4953,1.5191385799087698
3594,2.8172246254483184
6158,1.9719136752751751
16220,0.2780336921269395
10628,0.2748879768333268
144,29.888510861521866
8698,0.2210739739664973
15579,-0.0607367548124671
7759,0.7451348010077368
2981,4.713637790576115
11634,0.3033268844527015
17738,-0.3248579536918328
15285,0.224375271320298
14670,0.18474017028603384
6819,0.4354034633361721
2857,4.713637790576115
16698,0.312713722155479
11606,0.2704734527540609
7778,-0.11217019263352768
6643,1.4277754301465961
5442,3.4998097790856377
15997,0.169834052542285
1856,6.294222673886281
5558,0.8696400630884114
9540,0.9831474123705561
12978,0.26416459333319153
17067,0.17159082627568978
12741,0.1866512603722299
3447,1.4350476116699724
11222,0.3969210082084942
14589,0.14754721626110268
10608,0.6009358509166418
17277,0.3225587513605319
11448,0.21092317271569527
2998,4.007238662849716
5883,1.7881128222796292
1929,5.878496077212333
16063,0.2798521063035082
15412,0.18022575458422807
13782,0.32130457010094915
6200,2.2718721021267925
13490,0.3529761672380687
16892,0.11001929505306407
16644,0.2845468714565982
17968,-0.7158342343388426
14418,0.18332122282396313
16619,0.19565847161362626
16738,0.28519406523088264
17188,0.21529032991458052
13770,0.24011548024014928
11162,0.7544287613314395
13815,0.2971847238448504
5754,1.7966700522882206
11954,0.4556605179910207
5936,0.7010336490514533
1047,4.592383391773694
4467,1.680230183903916
1618,6.7666476907173205
17472,0.3251791197344005
1309,10.329103291462673
11357,0.4056891416703934
1964,5.9956385777769015
12886,-0.22093700267413396
9173,0.624840826659522
605,15.378510938008333
5669,2.2895453017736713
10024,0.4167289674203971
6842,0.9118462625113466
17129,0.28785328605073346
2946,4.197915378778873
7751,0.651060993487647
15407,0.20986204230513295
9929,0.42340938385115123
2978,1.87681203653284
9061,0.6462009975867318
2583,4.835450323858879
7166,1.4960394598531934
7370,1.3559416689541308
13626,0.20839698764740433
1087,7.366905996146727
446,14.611305802148365
11994,0.4779429759510663
9409,0.8440419280078117
11507,0.5299275614814292
12125,0.24497387637990187
4059,1.0062482024978294
10322,0.8687404563332279
8041,1.2229974734282791
14685,0.2738803549787576
17592,0.318644990454402
6866,1.08020722324801
1466,3.799054663159552
1913,9.197798289180867
9189,0.5377442101033125
12281,0.31089546443564586
16376,0.24433317837912227
4685,3.4554585326782785
4054,2.366304433772541
5501,1.0289196423305498
10265,0.6308786614641235
6863,0.822720855727141
8755,0.7393485810806055
9592,0.18411994995750547
9837,0.5150964349277842
12017,0.23380484418345304
17316,0.06983081932122559
756,16.04800753654405
4918,3.2114781339847127
3611,1.3794299096203417
3841,1.4257274218821863
12662,0.28619804860710474
10214,1.046536726464467
4383,1.2274912833600524
3864,3.593387528850883
7458,1.1059890396077776
2268,5.1690240484118135
9641,0.1695976965750674
9291,0.5813712951947423
5267,0.6785259987073573
1295,7.286152829328159
2772,3.837938884924654
10302,0.6750862325503135
12811,0.1543071148558397
12993,0.2958952259257899
11035,0.6578134162996889
5099,2.1098202162643815
2747,3.3143661558625013
541,18.03282509776983
785,12.106930909232517
3198,4.555253122960778
3583,3.660115000529288
961,7.982075340815811
17819,0.10106128405681147
3245,2.9474758641950416
5446,2.791609756736136
553,17.818692476875015
3772,3.245515533729588
14959,0.3870253599771445
10712,0.24451696830243463
10908,0.4764992806520354
5497,1.6509762413646172
5995,1.8078287433996252
525,18.550089446622735
3383,2.762691223380955
7164,2.0109158989428693
3818,3.095891492821295
8522,1.5796607243019594
17444,0.2791309281292911
3296,4.648392174980984
15521,0.2647912235489116
1501,3.190974375920689
11771,0.4701405638818983
13426,0.2055083318990114
2669,6.046653504269727
1278,6.2316165476584615
12489,0.3041274561058458
6409,1.1854502960912328
13148,0.3981112719048383
6642,2.452628502694836
10993,0.4269818663299816
12463,0.5390133459157482
14067,0.21098117468574173
14766,0.19979893532837423
5780,1.9170988748360855
11985,0.17534935129725682
16758,0.28519406523088264
11293,0.7288462192639713
15283,0.2465261403631871
13141,0.3115084905257959
1333,7.018034468728786
7728,1.1157618305897472
2293,4.3708754917093415
9094,0.020176349811038108
16933,0.29693566872316524
10690,0.525689571339683
5579,1.4936228784509353
10079,0.3739569256572963
11844,0.44727027311347456
11538,0.15714136890397867
12900,0.2822417540438096
5036,1.9862869209562746
11992,0.35880085018544605
15627,0.23125001778436172
8704,1.2329671284547317
3551,2.649393893334775
10485,0.6954570816552064
12325,0.34305257335569195
17755,0.07610832748281382
4919,0.7947505245679736
13742,0.20627562118244214
7889,0.48781409712916
5954,1.4107278932665963
7745,0.17142809877560694
3456,3.19382647806043
15577,-0.007343490666869457
6463,1.6633523892831477
3975,2.5781134983074594
4146,2.381371100566696
843,16.735589514499054
15231,0.24593393993137624
11475,0.3148767243288262
16429,0.2483875286209809
13703,0.23329669257424257
1884,6.011776677359251
7118,0.9682869621881878
12071,0.3379373601088105
11773,0.5628327274687877
1007,10.202209502116887
13344,0.20908122570796195
7387,1.0443918551484899
13913,0.2626199935749014
4820,2.121648360572692
2107,2.384188788450558
8570,0.7784281448462593
16464,0.2839358147799089
7588,1.1336585025397312
11048,0.4649450033137441
542,16.46941253862275
7368,1.013492114121675
2799,2.3564974182109495
12864,0.1161807124640859
8962,0.42639117097388635
9229,0.6480433345653296
14007,0.18514839932146288
16073,0.23378460315103666
2808,3.0826378345209946
7946,1.1290729539892368
6503,0.8672431059390533
9804,0.9216397169937522
2063,2.416853925945418
12602,0.19876128667448256
3035,3.7893233356108453
3907,3.001012490616233
6215,1.17970140052131
3106,4.78502066841844
10835,0.18601416868801834
5555,2.5953692147559764
9279,0.9836516186208542
2889,3.2128779187192436
3985,4.322982967895143
17030,0.20447699185780266
8299,0.6466963447049352
14852,0.25520515141926126
10539,0.6796028101776415
2047,3.7454090042954817
4727,2.523356589119487
3552,3.86003525228881
16604,0.26995964016992957
14353,0.2432042466869575
3767,3.7485546916691987
17502,0.2515289391739657
13752,0.16915395606275752
5918,1.6544768505114575
1635,7.378960009160949
6125,1.715927396074278
15334,0.2461146846847555
1486,7.434354893947841
1762,8.585031825190356
8837,0.3461615773554172
5668,1.6170799040469888
8207,0.7393485810806055
12941,0.20879087436384225
6384,1.571999854849139
1576,1.6863585619035462
4895,1.0715821466597504
2091,3.2856422182474603
6517,1.5485132429055852
16043,0.24433317837912227
10902,0.3028651313950945
11934,0.6136493931024347
15740,0.2578266964604268
16210,0.23752665456441946
9085,0.8979091277338398
8972,0.665463204817172
1659,6.492448565432426
12026,0.5743383378431304
786,12.933385601181556
14352,0.3224392432303489
11084,0.41807732006424203
7441,1.2743965242098625
1311,7.6861118701804685
9836,1.0032023042054448
8551,1.0702956705211477
9752,0.6317225686132701
8255,1.2699025052073125
17116,0.34034817219486513
17320,0.2666185338198943
5084,2.3493253321180987
14662,0.19979893532837423
15270,0.20631368328355393
15628,0.22299091970563722
10091,0.5065809340163128
12199,0.272486338869669
13132,0.1708078830739055
12259,0.3286688843145953
3428,1.4257274218821863
16065,0.2618926317964565
14906,0.2800504977240621
12397,0.18920163163403458
10482,0.38943123457062256
14971,0.21913767805477846
16598,0.5233225399254593
7250,1.3515589913093322
13282,0.4137806476153969
11329,0.5044921235412971
6824,0.667487956102434
4542,1.0630040470669542
4852,2.88284991648203
13829,0.12007149461129529
12702,0.46783878657726063
12192,0.26657816442985904
262,18.473526499133698
7723,1.1051245390231657
9247,0.9660621398266471
11839,0.33214866936083354
7783,0.410417457593951
6564,1.2736672063020364
5451,1.8098055707264962
3951,3.667893032711902
2664,3.703911161735789
13376,0.10337200576287842
11472,0.6750791309721649
7182,1.0651682695936984
10493,0.5456771925776707
800,9.806815595903174
16603,0.26547432273497407
10868,0.4464147542053638
10833,0.6954570816552064
14188,0.3316700125392913
1422,9.482344685374358
16382,0.25983319192647514
10797,0.4443477542275218
13260,0.41035045242125534
7923,0.7858972504059807
3010,4.047181027387808
3879,3.5247214914023175
4469,3.5490974336376553
9141,0.6031945491973261
41,45.53653272101343
7438,0.36170358165105654
11515,0.35700259887158836
4147,3.2315015994550436
12329,0.2532785315307251
16993,0.37496922376777775
595,13.974215830885043
6631,1.4051595118140199
16607,0.182086506885355
13439,0.24365255654589646
10840,0.46764336789925665
4591,2.887732883278943
10782,0.40757272383331156
17644,0.1359106950501996
15129,0.18022575458422807
3211,3.9867319192349555
4096,3.2043639747901693
6080,1.4728467612413283
2546,5.600032700369923
17832,0.13541380465318298
414,17.698292513780927
10338,0.40971041388849017
3284,2.9474758641950416
9984,0.3580106912609722
12484,0.3195383547648021
8786,0.6657731589612581
9931,0.5895294876582398
1411,3.799651438951571
9204,0.4304003153684448
11913,0.38381262442550224
12022,0.2903671361810325
6062,1.754357912791022
16282,0.34940034109791895
11387,0.3447550219582922
6351,1.235715684975787
10147,0.2584106955883385
12724,0.4011343681073072
1629,5.629669793513642
2335,3.4301948795378507
6490,1.2587215353060515
2724,5.70208704721864
797,7.598045760874413
4646,2.620639131151222
17020,0.29417568304216957
9112,0.6749166544062177
68,17.464597403425216
87,30.21853621302631
15446,0.2461146846847555
2548,5.007133164233494
15505,0.19644242917939891
16214,0.2807865433497341
12904,0.25854755636606797
16439,0.27564252713824544
441,15.374903667206638
5188,1.822837575206961
3604,3.227583468245541
4138,1.9874106770753883
15352,0.23981547881686538
5310,1.8389835961211816
4570,3.576459837102277
14491,0.28073243172417506
16451,0.25983319192647514
2761,4.3507393242339845
7856,0.9714997266283376
17959,-0.8005410338278693
8121,0.7785252979707025
11568,0.33776204727911363
17414,0.21570590121001487
17094,0.18578032464512262
17267,0.38152813485686465
5640,0.9659552018898125
15086,0.20631368328355393
17181,0.1442144988255336
3844,3.091376417147387
9267,0.45878877440287624
7194,1.0611112847321351
3887,3.0254606954175074
3103,4.890252562204353
13873,0.22906962485882332
16708,0.19505153987353196
6641,2.335082293651851
7509,1.4493119066747226
10078,0.4689509910768379
6279,2.109700956704785
4397,2.074717111756229
12979,0.12212329344998807
8940,0.6119279139532523
6492,1.1783549268432694
6575,2.0422844476491377
1530,7.591670151499613
2189,4.687965483437722
3533,3.2038898777082636
2151,5.141349222080919
2595,6.283284261952815
5524,1.9130255681466792
13816,0.6317116356922838
1139,4.542808639409088
15899,0.047355611402792874
14458,0.17688017196229566
11611,0.388242582906571
11369,0.710717537488847
16045,0.3622843164944811
10891,0.7173125379043199
4008,3.2318496436167266
5483,1.7094562520852037
3871,4.381478592052474
7500,1.5036443241324946
1858,7.630891156052769
7239,1.6267972521023353
14642,0.18970015269798068
5656,2.386674370715866
11860,0.2228714296628027
4777,1.3135967116236884
4450,1.778616113404098
17395,0.2755907608618031
16158,0.22664123928376512
7818,1.0879418646025556
6449,1.9979656212136092
16889,0.28951082776376325
9852,0.29185509243785646
1427,6.178740129867549
13745,0.24192909915115024
13771,0.8472638598128128
6280,2.4526880355263643
12250,0.08117110993140386
11110,0.269342324883894
13138,0.30233944912907873
1624,5.708629952722788
12065,0.18242990214690735
1626,3.018017038406981
490,12.578336094795816
3942,3.5234665255794084
2714,5.910427241649188
7806,0.7693400464075353
10304,0.48911963911410794
4721,4.526005643285146
2545,3.273661621130998
8225,0.7858972504059807
11752,0.5003409695166852
9508,0.6563046905465058
7739,1.3080667813772493
7189,1.0268547350299855
6768,1.6920435399250096
13927,0.1859733035949489
6390,1.1686887683070495
11599,0.19195732191434445
8276,0.4546653287796403
17597,0.2646385293363096
13540,0.22906012370737017
6088,0.9430775659189408
12310,0.09013299689860332
8852,0.49527611667241445
135,33.3515851070261
16518,0.28571725809803183
2295,3.7586364166252793
17501,0.2589088956472665
1617,5.281931837389095
11805,0.2916264499079375
13253,0.3420576473989172
4350,2.8666051968878605
2735,3.281831555100837
671,9.725569379066712
7566,1.1929556485716262
9181,0.5859051426771771
15810,0.45234193388051835
14741,0.2498561435552915
10721,0.49417001902139646
8800,0.9149788700481736
16470,0.38231357076284667
17098,0.20447699185780266
4316,3.17464840235931
12490,0.38281699378268286
17398,0.19813934073278006
17243,0.34520958653234857
6660,1.3006830111851855
8933,0.7009865939265296
4249,0.770328744620258
10013,0.4244264567956293
7709,1.6461978416442093
11519,0.4059758725832694
6171,1.0905689374672534
11360,0.14049907478766954
5851,1.9162260663241
4628,1.50412908361551
5123,1.4178634090395121
12142,0.1300749441832636
7789,0.1722018301898629
231,28.77053551700493
6282,2.3818645758775006
2590,5.152386257341107
17708,0.11961530821173483
584,15.111515356240318
6718,1.4203832655376232
14216,0.2734909626479407
7688,0.9054872112911312
9175,0.5627305683800046
12469,0.27750849535419775
8764,1.10324220291551
7324,1.5089627556738492
4261,1.8239877601395733
16019,0.21885937934331423
10462,0.4809527783771159
2442,6.318268633759601
4476,2.3831544540963137
4251,2.524281493111687
4857,1.718266672999846
15166,0.20813518999608505
7136,1.0609520876822103
5708,3.5732719616260624
12144,0.2831393060449159
17809,0.025865019938521527
6422,0.3718785440742636
252,15.070626530793618
9994,0.24451696830243463
14800,0.23790015545347387
5540,3.1646080408643797
13840,0.22906962485882332
13973,0.22906962485882332
13525,0.38981657587834206
16625,0.182086506885355
16896,0.28519406523088264
16037,0.26239855441264126
14580,0.22899518013815623
4421,1.8687109720354442
11140,0.3570117643137678
5858,2.477300565896769
9509,0.5798689917056095
1555,12.009424815588375
10824,0.6333595652986901
8982,0.7594595232163215
2272,3.273661621130998
1189,7.425727511320531
95,31.925781989274185
16611,0.3296981831149992
15846,0.21335816661513718
7848,1.0879418646025556
12263,0.3379373601088105
13799,0.20934059629695412
12628,0.08117110993140386
1698,7.799317555262462
14538,0.26919663010181694
15206,0.19644242917939891
16435,0.26798181960413103
3369,3.439291730302159
14346,0.08758451912927967
1882,3.6692011598066188
17509,0.08702180762094258
7154,1.7428721802562563
15883,0.25622162272799187
17033,0.2940842802357224
11181,0.33988484811635544
8286,0.47047198435330984
12704,0.2490334479312537
7029,1.5150967339546355
11465,0.37189664951239365
1321,3.780537994509416
5334,2.133778490582074
818,13.00046344482854
6421,1.1053366747287896
16452,0.09176618950010607
11991,0.33710097411955076
88,25.999676171099566
5969,1.4656671796622618
7453,0.8639848390578777
12378,0.014817213363642168
15118,0.2330830376570816
3514,2.719300812569884
12500,0.5743383378431304
1478,6.30461680961713
17931,-0.11430977032404144
15146,0.1909218497083316
8398,0.8679265364117441
999,8.072095843125282
17287,0.24812842622355902
5528,1.5475179345192487
16945,0.3867600066478758
12718,0.45181831208566336
16982,0.27038789329100155
4392,2.3697032826485724
11330,0.32700509044008186
12308,0.22229123893185943
5120,3.1039652906175093
15248,0.27163035924860424
2774,3.1771371600028147
3413,3.6224268727760887
11270,0.3624907701376401
2852,3.126141594807052
2149,3.659821126783811
12577,0.529836019911329
15452,0.20886004039817863
7938,0.9631964899595573
5943,0.7010336490514533
15026,-0.3161389778237549
3803,3.374470080988033
11287,0.7399255630026005
6484,1.7506585553242644
16665,0.2878748623307388
3395,3.5166248595838283
1034,8.865186671986805
16670,0.2543074953499058
7012,1.8519517054579069
10185,0.7203477568464791
6326,0.8672431059390533
221,27.71550985533264
210,32.614280282327684
1066,3.2987183569512695
7685,0.9472733271036873
6900,1.1011514622444452
712,13.393074538545363
15411,0.23329760862299054
11263,0.3631182921856748
1661,6.439591430434405
16818,0.30259212382458145
3888,3.034983920634488
2610,6.617689301173698
10585,0.4244264567956293
6155,1.5807055725429677
1496,8.888026186923355
4695,1.8091455085944403
12379,0.30668257057214987
8384,0.3664806586965028
16915,0.28939397435925684
11786,0.39973013143440994
4892,2.1041164884307477
5624,1.9726921656168201
2420,6.27300788751478
17271,0.24404434377225925
2932,3.0242787188852276
14985,0.18870628669588996
11096,0.5299275614814292
8706,1.0784169848573697
6470,2.1934624744315556
8680,1.0088350386182015
11265,0.3524917484369894
8406,1.2326039193133624
5299,1.369491913634704
15237,0.05930861956250055
2037,4.321024876781905
17051,0.34273196505529313
14668,0.5219967661412852
15915,0.20913612719419916
17452,0.10656009403493272
4034,1.8832892809107875
12509,0.30058924973587864
12829,0.17533132535533014
11282,0.17833671138902218
7735,1.6266758657105242
1395,8.021176232839082
9778,0.38923765826399404
17887,-0.09406248945532525
13080,-0.15146412388270392
14720,0.23608036092701923
15960,0.14148493911449123
5144,2.7919645699954003
8003,1.3344257897738885
52,44.707697703770066
9933,0.40757272383331156
14633,0.25195793024710156
13610,0.4116411850166628
1074,10.438584221531812
12863,0.261464705072342
9679,0.5401218360312328
7340,1.2961428945134799
1038,10.712736354791843
17044,0.29019148671233097
3757,2.5260811550477342
12212,0.37103779877321585
11425,0.2477508278244045
11857,0.31079961351503016
13509,0.2958952259257899
11610,0.227351044732643
11131,0.4518233737927062
1727,6.808280017156505
5077,1.8524467556172226
6624,1.434335616166038
4233,2.695693235740066
9306,0.45878877440287624
9791,0.5858773045573002
329,17.707995363494376
14807,0.22777091056838117
8433,0.8711977157498154
2513,4.627325377537829
1053,11.157362810728557
13491,0.2183503850256443
7647,1.0479196914864701
7,79.62100130093864
13297,0.22320799767936705
8693,0.7567548358895806
10663,0.4547714837231638
2858,6.810301529865967
3377,2.6380353174770903
16113,0.23566322765447012
14914,0.20681983008699945
12430,0.37448917272837434
12006,0.24992599089074474
10654,0.24872565599872587
5926,1.6204886960143199
15134,0.23690665123950794
12831,0.3412288101665695
10541,0.4167289674203971
12340,0.2336799656516746
11172,0.332909764242288
1749,6.926738003579715
15402,0.2297610421072136
7435,1.1331892091248505
8025,0.5441409042414875
4680,2.2822665477556825
1223,9.660272260522845
245,20.80274010573345
4300,2.5601476180200393
6972,1.3515589913093322
10043,0.12705325097846298
3529,2.905659273379399
8875,0.5401218360312328
14954,0.22120965153118277
8891,0.5623041605375079
1106,9.509425065673497
17733,0.12790975491458312
12587,0.525718921732107
16693,0.2170488418078662
3858,3.4684298825923747
17508,0.1887778471845536
11073,0.3821455586826801
2142,3.7966539250040228
7533,0.38792109041065714
12104,0.26556258788701825
2490,5.507825711336466
6639,1.7616301776382102
9235,0.9539734861123748
13342,0.3186826521221633
9757,0.7259970760895271
7494,1.3907271441608486
6445,1.6103818811639599
14223,0.16402169195026772
12178,0.5689498629886316
4850,1.0062482024978294
14364,0.18332122282396313
4184,1.9270683420361934
17978,-0.8676080825693475
8637,0.8179754218782023
14278,0.3334488017990793
11563,0.5225267570411347
16289,0.34140862545569917
14646,0.21781415416859318
11578,0.3687551436901799
4101,4.030227856783824
12530,0.4214272959334835
15819,0.16914261122752805
6057,2.1437990984166504
17028,0.1271997972710892
4051,2.369477837824263
13494,0.33803900230219597
5632,1.2336043922674094
17235,0.2723249794949538
14049,0.1895609491289747
4356,-0.27265569917148014
5086,1.369491913634704
12352,0.31186466402465385
10672,0.42250767681508705
7186,0.667487956102434
12647,0.2971774122368629
6597,1.8061579968901356
11362,0.8041624652094583
16277,0.2787672570798918
13348,0.3767398235737005
16927,0.29693566872316524
3091,3.7652352028340488
13955,0.3675014756968835
10716,0.3580106912609722
2447,4.186328074239839
6468,1.8547030300804295
4589,0.8513219552328906
5104,2.5972230804173364
5652,2.444383912001797
1088,5.528465986502908
4877,0.9657216050173361
12304,0.31089546443564586
14367,0.09521871244106705
290,16.275430997078786
16413,0.25950055759545876
11865,0.39232642152006747
8311,1.10233675212163
5074,2.809672223569862
13650,0.21779729319115404
12024,0.3289617423418463
9526,0.5625971292936924
15210,0.22054122956052424
11788,0.39232642152006747
14422,0.19979893532837423
14357,0.263046311591836
2449,4.431234332174711
13223,0.4505768422898768
8874,0.6504711841285484
8623,0.9513435477097687
7774,0.8819469825810415
9743,0.5668391379099944
12854,0.2831393060449159
13602,0.4157939466375069
17219,0.3447022881392172
6278,2.33004189781542
2292,4.600335166341495
16599,0.38933359249932664
1212,8.874623844998098
2887,3.340149121314937
9014,0.49139613478047295
9017,0.8479208038446018
7219,2.2850173085935808
13766,0.2207200073183344
9249,0.8011765682863938
614,13.218470892863536
4426,3.024436821082702
916,12.573418632006508
4362,3.9618088554744304
1498,4.585535472633239
9027,0.4304003153684448
12462,0.20993280065641784
17952,-0.39767826974542686
10961,0.7222029016709826
623,12.696181842239696
378,15.641449339648318
4563,1.0344714126206895
6955,1.3430003286301258
4425,2.5727280366716627
3342,1.9916470359463005
16295,0.2785355472377091
9773,1.118542687464526
2871,5.744559654326906
5721,0.924053917360709
6069,2.299087717166742
15985,-0.15186906697266522
6802,0.354029905343225
14424,0.2691769372166277
14087,0.2549824403318439
2211,3.0430230245402186
17641,0.10053923793356034
3024,5.489752509738821
17510,0.18151862340249636
1310,9.43070929555239
11010,0.15327701824895712
1009,10.147508685636524
8736,1.620076214027506
3653,2.55257877111859
6400,1.472611276142345
17701,-0.32607920692720427
8380,0.6466963447049352
17511,0.2848176917897831
5841,1.003790686400464
7384,1.4781286777841274
970,9.861725197326052
12513,0.3944629719763384
13095,0.26078328490899594
4313,2.6456181999008663
4050,2.1572104490729203
17827,0.05657428929390562
8985,0.672181548525316
16044,0.23979771797991134
5749,1.5665859423800725
5550,2.2595095099150626
7945,0.9239910549113688
16726,0.27038789329100155
14639,0.2691769372166277
12994,0.18708609955416478
12461,0.3122386730170206
15714,0.20936012671251092
15806,0.22299091970563722
6033,1.543615252676375
14655,0.3276745489670816
10790,0.4354603743375378
10376,0.4224775566645462
2122,5.700344522108082
6590,1.1245454620305395
10036,0.12289516132710787
9296,1.0992436455556458
8666,0.8034779227435251
10157,0.4486138611303545
16394,0.2580661668746984
8930,0.8859038644639554
4170,2.915710163996266
13876,0.19031034618029707
2344,4.7184753910774475
3910,2.3110851174422464
17487,0.18418898704186404
9280,0.6773465934655292
8189,0.853937353556887
2327,5.444476657749021
17222,-0.47155805882829327
7505,1.6366593385412784
15289,0.2169325349662472
4799,2.3780314563082925
16226,0.08657259435227616
1458,6.7664341832826835
12910,0.14413746203405253
9071,0.6266492813124955
16989,0.30356565043445016
11337,0.2872223033958221
7400,1.1011514622444452
14075,0.3405579830251213
9138,0.5392106308011648
10003,1.021823625767695
16563,0.2783204855759891
17179,0.2947196023000629
1940,7.874442914343319
4548,1.5986173214353698
15483,0.24771918922266423
5437,2.1109270824766213
15620,0.2310466112126619
279,24.679230925771265
8351,0.7767188915846077
555,17.266634162865614
16143,0.24581120064186734
1351,2.183135544246909
4707,2.5383912581344816
8301,0.837329472508884
11088,0.4732070530945407
11376,0.27036417465961904
2045,5.17889602356064
208,29.390204308632804
9620,0.49139613478047295
3094,1.8289018385162876
1107,11.83620570740078
5894,1.26926664218837
13991,0.2724360281673057
13358,0.4210705014441487
14801,0.19209846205905023
14969,0.2573790687918631
17463,0.2562124873225571
1743,6.374924621112825
17580,0.2032820394701389
2842,4.257840166180188
16395,0.3543857960463015
9254,0.46616767926917646
798,6.441837530588202
12685,0.23411395837985083
16492,0.8004025806604318
7365,0.6640148550803247
6408,1.151914592554533
11398,0.5366235348606665
14614,0.18315737196718374
17159,0.34034817219486513
8862,1.1955485760186662
476,12.326422632195829
17639,0.1741865397744391
12617,0.39113238481064627
7330,1.0747876827702498
17433,0.26979979196499926
9681,0.3132904985525897
15669,0.24323156372116728
14796,0.16709204342583917
12610,0.41129403887617855
2939,5.70208704721864
5164,0.7741336976624211
11211,0.37379893444614254
9690,1.340638147466791
2553,2.738814950811104
13423,0.0992947721461519
9274,0.5513132277974933
9024,1.1235900993518158
15548,0.25197786817426504
1989,7.390541786942379
2298,2.8556966409783513
6413,2.335082293651851
13533,0.29566104753376976
14632,0.27312236456515393
5715,1.830189481628679
7327,-0.011454582372550703
11275,0.32700509044008186
17786,0.1409946796173358
11264,0.2321614459950183
12270,0.38813728635437883
9612,0.8005759458476973
16536,0.26559547105063075
676,7.056013491811029
13199,0.39091181801705943
13339,0.28472321218106345
16129,0.3103625315494014
8145,0.8071186375705679
15005,0.24901028414211623
17789,-0.0870229696982392
11433,0.4052813423405155
4800,1.2976685559818293
10858,0.7544473572166339
16974,0.3624844126252924
11633,0.3392558990636303
11385,0.12653016302289188
496,6.942398213287163
1548,6.16280328722047
17372,0.33868586719978566
2088,5.082046868205282
17239,0.38152813485686465
12190,0.20385613707782113
16486,0.17820683785754454
8836,0.5582422536945728
16761,0.2427506717932033
9160,0.3779061010018836
11,67.1028257250178
16688,0.2829582274305835
11426,0.07141863261500703
11720,0.31741413314858846
13994,0.19729337978111516
15269,0.20772124046794715
7676,1.4234125692360635
4639,3.238590326071119
10850,0.12705325097846298
3039,5.909350262229793
10016,0.9747404234929604
9285,0.8859038644639554
7429,1.5419314353123923
13001,0.26416459333319153
4125,3.0184108597189265
14617,0.22777091056838117
15625,0.23733773170471295
16291,0.24957992216815228
14241,0.8186472465632164
5505,1.5894644410491878
6309,1.5096300750577143
1125,7.857315435319435
4566,1.9874106770753883
8931,0.5605487879520865
8371,0.7683206335973978
2110,4.257833709233466
6714,0.8142880956307295
7939,1.2964482713815073
551,14.796760002171652
4876,2.138384238908486
13929,0.2636096065501192
7318,1.1537125388243226
15171,0.224375271320298
3792,1.3794299096203417
15197,0.23949818123679734
15314,0.2189419503470731
5327,1.8240473945691633
327,18.6028090776868
638,10.889522745141278
5774,1.9349035249832127
13357,0.35167864298460927
3334,2.8135075052351226
8354,1.1969799937631365
15848,0.2168249546398897
12754,0.5743383378431304
5588,2.711509545063848
17776,-0.34385534017297914
14824,0.2983465261450533
11218,0.28183010386879914
11965,0.2498267977674118
15417,0.2571269119997055
6114,1.4125819929643626
1988,8.020026013086692
5110,1.1988677243771804
1560,8.650378024769282
11677,0.3447550219582922
6204,1.6394833177799342
11977,0.23055852939302213
6997,2.597293038513101
11346,0.7288462192639713
4882,1.2538045769898076
7996,0.6096016899608117
16250,0.24970708514166517
5283,1.981050818726601
3287,3.8124649926244842
4938,2.386674370715866
1596,4.076083773693028
15069,0.2565516933823915
336,17.33957140625222
7978,0.7784281448462593
532,12.263835412982246
35,57.7676552863
7257,1.3923056034357728
13129,0.3757503500563075
13908,0.40482398534078357
17131,0.23950984958656818
10605,0.2988800156002185
15965,0.22299091970563722
899,12.106291964045624
4758,1.4712249174336307
7828,1.0341663173260827
2899,5.91400931767231
16998,0.29060736343882354
11393,0.47234075658531083
7402,0.9113141059625036
269,18.90073680869824
3628,3.0044896723196075
6341,1.1854502960912328
2622,5.383522238625403
2291,4.103199841751632
6199,1.9985881414600613
8191,1.269188155236236
4744,2.0003431012901842
10980,0.3178400649842956
15629,0.20332557368993776
5525,2.052678248962195
9458,0.7250475318574559
17247,0.32704369998242555
10886,0.6008243273618632
2203,5.144617785206776
11278,0.2819722646748346
10923,0.3262847328444991
17144,0.2914954920019568
3309,-0.33462732980927967
14870,0.2707063122866771
4910,1.6580931731999158
6188,1.6046692064683725
9032,0.9905556229824128
17859,-0.09549074881653041
6407,1.653923647762042
14428,-0.11564312429430856
3577,3.9686108446206276
558,12.782704586031343
1010,7.007131195751356
6905,0.5961267380089907
10413,0.9838999847784748
14073,-0.03433127380952783
3142,4.586037025951157
11950,0.1034688733309963
14899,0.2052878921904835
537,17.639074030272752
5228,1.8161010904612453
1134,7.425727511320531
13013,0.2741579062649748
3935,2.3110851174422464
12909,0.15223237997639671
2811,1.0711356290485696
14497,0.09800481870644262
11729,0.5766553475257865
5538,1.202614862459825
15301,0.1975630048175958
8044,1.0784169848573697
8438,0.7253358267249155
6479,1.4656671796622618
7833,0.7334494190914143
15989,0.2310466112126619
3180,4.839131727072356
1717,5.049695219137277
9940,0.5291660503949629
14404,0.1731066844948259
17286,0.28988504842942575
5718,2.6116339674800315
17702,0.19559122993706524
3170,4.742597047866241
5293,2.319854606277488
1067,10.902123772881225
15351,0.05952023875653367
7269,1.1331892091248505
11291,0.48858070655256824
13713,0.18987346472664512
17427,0.2865130691080253
7795,0.6615954976767284
7309,0.6316782743597855
8416,0.8193516601350552
17737,0.201315895957066
1531,6.599414126673821
920,11.11500864514943
324,22.390441750062166
890,10.824835002063594
10124,0.5799185282278927
17697,-0.6016247577478566
13331,0.44014724256027193
17788,-0.2909588887015957
10601,0.6299575641501747
15907,0.10645801906508723
14884,0.2052878921904835
14168,0.2547965662948286
9404,0.7988290667111073
8536,0.8936882531039032
469,15.030589384521647
7355,1.3907271441608486
11923,0.41551515920929205
7476,1.052592956359888
1792,6.278403430289984
10822,0.6796028101776415
649,13.16703725170197
14303,0.2136350527444506
14479,0.13580005144586949
2829,3.5872630919346307
10725,0.5049341359541017
900,10.892142324855797
7442,1.3923056034357728
5393,1.5755577164782721
4931,0.49090019077021907
17507,0.22277032490916326
2976,0.13513236747400015
2686,6.107105371957061
9731,0.5813712951947423
719,11.920593343410076
12828,0.21794171924699413
17468,0.2032820394701389
10940,0.42605117555064
10162,0.46989383659098394
1710,6.134751446769599
5256,1.7354966498526778
13093,0.1161807124640859
16923,0.19262965641001983
11800,0.3570117643137678
13949,0.17937554732458239
6555,0.867251193691402
872,13.37900102562395
16290,0.2606060627093143
1622,7.037319635471533
12146,0.22719712022359317
5440,2.13816791905316
12931,0.1951558996357221
13403,0.21238265650237054
596,15.025747134792994
17089,0.29091705897241127
14235,0.3224392432303489
16266,0.2075944769538296
7964,0.5607065499376063
9406,0.7691047259875745
13158,0.2448480829926325
9708,0.8859038644639554
9955,0.88269733484168
4616,1.0918914605115901
15393,0.26126926080684143
3641,3.5911748746239596
5040,1.3147579968565992
15336,0.20919389593547066
14821,0.20081671963117742
1594,7.851783296689348
7804,0.803587876049562
12028,0.19876128667448256
11710,0.44727027311347456
1527,3.7980505537930753
9486,0.6030060768267163
3857,3.026152780490804
9205,0.6896778928424396
10933,0.2913322934130633
7935,1.0750900465364452
12210,0.33133458047046815
3895,3.738235613107747
8895,0.6317225686132701
9283,1.3132089366832247
15588,0.120249632091884
8082,0.6383735325692328
1022,10.212785447838144
9788,0.6504711841285484
7043,1.0105837333852037
6453,2.5285712041255124
11103,0.3089946399823589
2198,5.061796026763034
7644,1.1331892091248505
12305,0.20385613707782113
3920,3.9075608780922835
14534,0.19979893532837423
13485,0.48291215166415213
5162,-0.11213254718671806
10317,0.4028467752214624
7146,1.1072175649417773
7283,0.8639848390578777
4560,1.9743097758346835
15087,0.3852748604300018
1097,14.04307833652507
16705,0.27038789329100155
7906,1.04089173601011
7768,0.8679265364117441
8397,1.2889977358866531
10171,0.12705325097846298
9513,0.5207007053243728
1004,9.91083029076077
2977,4.9033154582244265
7513,2.5274045275905905
12197,0.5130246291249136
16237,0.3078394297972977
6886,0.9737922147706399
11435,0.33214866936083354
10763,0.48264653829352255
10470,0.5125570756159163
12878,0.09959638249830505
6617,1.4046098758543053
1660,3.6344894799768213
5910,1.197248415286424
438,16.449602845241827
3974,2.640499593134848
9815,0.42639117097388635
6580,0.31823322065321236
16348,0.2585779552533154
10506,0.3580106912609722
6207,1.2046234197421768
15326,0.2297610421072136
12032,0.21708106662305227
783,13.680384852582222
17865,0.02579040849178682
14910,0.21782038229054024
17615,0.2697595532558239
2064,4.186328074239839
3139,4.594294757632326
4171,2.502635722731668
14732,0.27984207303967423
2668,4.347702891949723
17259,0.2562124873225571
16385,0.24995718545011414
7307,1.3750984610065302
5793,1.840507766444091
4410,2.0984176421966936
6848,0.490964307965271
14347,0.185692737775355
15643,0.24914183118158917
3728,1.3794299096203417
14829,0.12732113038856596
15382,0.2166175513780786
17504,0.24585607594264047
16973,0.28519406523088264
5147,2.105360437098682
8010,0.8231858160395973
811,5.781655162173649
15367,0.19653206007416202
11430,0.6158160282844278
15062,0.2461146846847555
15238,0.27309014975145374
13558,0.1906242692244291
5006,1.4227351291872878
11446,-0.014970283292711883
8997,0.744275089937048
9135,0.5668391379099944
7682,1.3914154117715611
954,8.261119590157307
7148,1.0103125949379432
3643,3.0354498905811056
4886,1.7494874701895355
15175,0.1909218497083316
5438,0.5625277026652498
7596,1.0304220247253966
11674,0.38609776030745024
4865,0.6389287320237713
13418,0.35662376521423766
4005,4.231370363435246
12318,0.25530677282500847
4529,2.2689649096071776
6681,1.1738292190566995
7615,0.822720855727141
8155,0.751850467801944
14723,0.16167620800212035
2492,5.1507174747114846
7313,1.5489859158811328
16288,0.1933431456068888
15022,0.275046993726221
13067,0.14220035000340658
1358,7.755133506359073
6927,0.9130373730279757
17583,0.21424486586994362
10548,0.4657572464953432
1848,7.874442914343319
5300,2.623176841476436
5907,1.1854502960912328
1730,5.884110665174205
17648,0.13931723241176996
9720,0.624840826659522
8769,1.1567614301348499
17269,0.27174759898815637
12443,0.18242990214690735
8436,0.5941325047074884
14894,0.2595455052613147
7705,1.6344301253253093
11237,0.45956341507786647
9651,0.7737295159116115
4482,2.1471321618674324
16689,0.25104856511035223
3996,2.6380353174770903
2364,4.667226727555146
13004,0.24345269863061958
14716,0.2869066273916019
4597,3.274357825538857
11560,0.5460130706697441
12557,0.3581844813266457
11407,0.3294905392897931
5261,1.874554960232956
11832,0.553681690428732
12196,0.37530761543968083
5211,1.6033032804605796
9634,1.0698942533006743
3675,3.950661869579392
17565,0.18312506838941545
11240,0.309106724307469
5682,2.950212472653277
4692,2.7474027413807676
510,7.006102194573089
12894,0.29402313895508314
1241,8.440803927619356
6396,2.2217024032113954
14763,0.08798047817191446
3550,1.6850610029846962
9451,1.0103971509784628
717,14.292114654942964
9066,0.5990393005959618
5782,1.8837482615750218
772,10.58114215766642
2580,1.3955023841522802
11770,0.42605117555064
14119,0.3224392432303489
9364,0.5377442101033125
8151,0.8396447556870612
8661,1.3157215519868828
3709,4.053311030658335
12684,0.2279567808462275
7472,0.8569998167768631
12312,0.3806270696944125
4600,2.6061156480876093
7972,0.7785252979707025
4447,2.4136053524392196
2644,1.9558034733377667
1372,3.7876435125077137
15191,0.2270119413870475
16201,0.2599490834325593
14822,0.20970210508454556
8270,0.7345319144251903
2326,6.620964851736346
6074,1.369107171438202
8719,0.9263352256683106
1057,12.925663904439546
379,10.293529350510255
1497,8.620114349896141
17249,0.3030101297384249
150,26.021618099896898
8596,1.0608233344469795
13858,0.20934059629695412
11667,0.28183010386879914
3505,4.564827764606491
9707,0.11554687839162625
11239,0.38435607667298655
17381,0.2633302757156457
3635,2.825933993668116
3236,3.871692206959608
1609,6.101888119330226
11219,0.44343862223473707
340,19.226278565375708
17080,0.34034817219486513
9769,0.7106043462927687
12625,0.2342654118984342
11523,0.4975045900271766
13412,0.2016403174910124
16258,0.24581120064186734
8715,0.8998825854089887
7960,0.895858224392498
16241,0.27574304463115595
10661,0.6946326785389942
10283,1.0409653004363122
123,23.28791265101023
6025,0.010236619085674192
2767,2.905946939536591
14727,0.1644593817118789
5965,2.4303461202881067
3660,3.894157630536313
16142,0.2645509458153015
7305,-0.02136320484345333
17280,0.19813934073278006
5491,2.1282083813787835
5722,2.3493253321180987
8841,0.6504711841285484
5480,2.6091069924112276
13993,0.2948378599344892
15260,0.24224041543430985
6567,1.6529402713454715
15138,0.17769173588027343
7202,0.021552323950857044
17912,-0.04387064542032704
11169,0.18693122528253525
16963,0.2848228943121853
9865,1.099998189915425
5419,2.7383332008578805
13127,-0.03467694486101891
13374,0.19618459725944604
3770,3.124813055560537
892,5.717664245979961
17941,-0.618358547250125
1324,5.220282750575336
7632,0.6316782743597855
3301,3.2792155006541748
17795,-0.5205905507935427
11648,0.5612844434393196
1290,3.799054663159552
15189,0.23594363840271626
16403,0.28533299220231356
4722,1.9629886357291184
17791,-0.012717414622841261
7417,0.9054872112911312
5703,1.9665728326936573
17229,0.32020772065612846
16022,0.21955310041977327
12221,0.30058924973587864
154,24.488846380950747
561,18.105320978605562
9814,0.5605487879520865
2073,6.758346214373489
3267,5.52134159127678
7678,1.318299841341343
5532,2.5818596223910504
1725,6.359880969611652
2652,2.620903608865376
8883,0.7760142192767603
10870,0.4062474085129111
7089,1.1942626508592298
9121,0.8308079343124177
11878,0.3842276369032902
3361,2.0329101048803864
14176,0.17645036241179923
8214,0.9903019475312362
7071,1.048808765789829
4650,1.21189599778819
17595,-0.07859069946943009
17430,0.267676886753236
4213,3.719244549340658
3930,1.3794299096203417
7679,1.2842991652028672
17428,0.34520958653234857
15827,0.23405400370808138
11798,0.4360573269364636
10584,0.5322780422127948
14966,0.23404034681885832
11014,0.6052821349992996
8711,0.5440410012859616
16268,0.17154700285738045
9545,0.47183702236594627
15822,0.2214265379766971
8720,1.3178147587569242
8974,0.7316254329937806
5864,0.7010336490514533
1459,8.717463940503933
14013,0.3645091985748081
14322,0.25188946071290275
7385,1.1954193126017003
1809,6.208150240144107
16112,0.3154771075394933
13819,0.2119303782697557
16548,0.28040600546097494
16140,0.22952655323643967
3936,4.425035910384224
14848,0.17688017196229566
17126,0.27808605357182614
8701,0.49443737715620273
12660,0.38025103409387384
9820,0.3132904985525897
1238,3.1786348010633105
3279,4.122964208073711
14990,0.19217773318183617
7794,0.751850467801944
10264,0.18601416868801834
4315,2.9218134862954344
13673,0.22732259339232996
16196,0.20541993348302867
9009,0.6126428195155427
10547,0.3739569256572963
13827,0.27297127722255254
6299,1.1854502960912328
11138,0.3067400712253061
9134,0.6546075314534505
6029,2.457336129715543
3494,4.3724966649897965
14854,0.23608036092701923
9930,0.721338123952421
5109,3.0692077584720323
14663,0.21483601914752626
12895,0.23842480849572212
11743,0.554939395590111
7702,1.0133650745338514
1250,10.039170820200354
4764,2.530149548842985
5892,2.360891242470018
13452,0.24852955519742181
17730,0.07610832748281382
477,11.451622327383177
12932,0.3002875228410744
10277,0.3083403008702703
10859,0.4216993042744548
2519,6.269153857287677
16615,-0.07972975312776498
4858,1.8143827053348218
8049,0.9868087050249983
14245,0.3097486942265846
14336,0.19428700548547795
17345,0.273023751813696
3215,3.2128779187192436
4530,2.5462893495392223
9142,0.6534485127752419
13550,0.37333528261598303
3441,1.3609466809203354
13632,0.21466288667471645
1960,8.890759479394603
387,14.03910854915108
17814,-0.09619228301136218
1901,6.174832360431594
3667,4.1232336317316935
6497,1.2227392100863312
11339,0.5770429399868249
3258,3.863741222538067
13635,0.30906803793305926
10153,0.7507115460467162
10241,0.45144354226437144
15593,0.2753228955514828
12799,0.1271775149046448
9785,0.9594503378226023
14596,0.1556315713635854
16211,0.3076744650016394
4440,2.37408443334067
14750,0.2848785936085392
13802,0.31537984696780086
14325,0.17645036241179923
10981,0.3814802193613218
4733,2.7546237929259973
7582,1.8653855581179073
13666,0.2411802405475214
11724,0.2321614459950183
13478,0.23720316719396806
10365,0.6115599119919466
12107,0.2737809322059661
3475,2.5394531588609084
17306,0.28217319642709526
2578,6.87767886369744
10220,0.18601416868801834
101,37.833424751840596
17841,0.05657428929390562
6332,0.22262772006666864
17217,0.3137026114077912
2924,4.7046887345139226
9999,0.7292245007061524
4131,1.9874106770753883
11083,0.3826603152784287
1393,10.606288178450598
1707,7.489526752054019
10066,0.5583282422563229
3011,4.007797909062049
14911,-0.03183087608903179
938,5.485589086130915
15861,0.19949342666456005
17026,0.2910924651494611
9503,0.42639117097388635
11055,0.5895797209360012
10492,0.14967712912499564
3424,3.2318496436167266
7684,1.035632617538397
156,25.54250629617451
2,103.48242149240883
5053,1.6907623382954284
7093,1.7579909061960848
9287,0.8367711660960708
16512,0.28962716661709464
5647,1.0563271927194933
2228,2.3929226174473683
15433,0.20919389593547066
13922,0.21681930625169343
6018,1.5096300750577143
17086,0.22370371861489957
3295,1.8974409189691528
5493,2.0136816207000834
7871,1.4689887031605053
6420,1.6156569341242744
341,19.190489872887667
10435,0.443132755793215
16994,0.29091705897241127
11953,0.18920163163403458
6008,-0.11446317496933034
14227,0.3563829269472194
30,37.50432156825315
6791,1.0446456315360706
10353,0.6333595652986901
10550,0.443132755793215
1873,4.062674106794077
11474,0.39247029206222805
5698,2.2506416153883606
495,10.075627296198547
16110,0.27302033802885717
12773,0.2831393060449159
14174,0.30154841307927427
17765,0.1954984321563984
5397,1.2336043922674094
13755,0.23934628105035927
16371,0.19636286204791986
15994,0.22971084062356795
7333,1.0400675195690496
4134,2.8221473299657305
12505,0.42153534950494986
10099,0.48459356195127157
16215,0.2539544416159174
7238,1.5210368666469662
9302,0.4304003153684448
7091,1.057035785664823
16806,0.33321665853605964
878,10.97260751688924
15329,0.20631368328355393
16020,0.2758257649389293
9278,0.5572628037207892
1181,8.142559857374692
16126,0.013800547021048715
518,4.433103927872764
4742,1.601657421462562
17233,0.3066981669003894
10039,0.7102742919869911
5947,0.24775118767576032
1663,6.470857591088645
27,55.216926490844855
6327,2.086870933476405
14043,0.14711788640175882
9117,0.644650936298433
1890,6.847181768365147
16552,0.2779150336914995
4808,1.4098765101016966
13586,0.19249580618935624
12187,0.3512894544285814
12112,0.12010558095158785
4187,1.553072762660861
1721,6.657865455711374
5412,1.9602996222634488
9747,0.5848243637047403
8928,0.5513132277974933
8348,1.1254598933551847
6676,0.20983295204001706
14157,0.20345168208820041
7294,0.8021640865645736
8569,0.7253358267249155
3810,3.0620139506236796
11451,0.5860305133199404
10610,0.38943123457062256
4770,1.1211790076302464
15397,0.22054122956052424
14471,0.25520515141926126
10711,0.4224775566645462
12962,0.2622536496760972
2727,4.675057374541495
13715,0.2979329696627815
16190,-0.21203200897565466
1481,7.702570091369864
15258,0.2624435120970361
7175,1.0821850958016626
17192,0.24455558336450167
17640,0.201315895957066
11068,0.3199916537426475
2930,4.95610637243459
47,47.0637894631555
8203,0.31902916436621354
11723,0.3800240026958477
5220,2.1918724228181077
12600,0.2532785315307251
14033,0.39227328809380424
821,12.744360470126196
4394,1.5756209948984292
6993,1.8445491103050813
10427,0.4666588237747078
7411,1.159862590308478
15821,0.2586679965489225
5578,3.6298472096823957
129,32.80307621301887
15759,0.1670486221667602
11592,0.2575024730620612
3425,1.463231603720999
7890,0.7683206335973978
3290,2.6443205320693437
9840,1.1655441454000197
12228,0.25679965528507864
46,52.533111605748275
898,11.65045173744835
14062,0.25195437111170804
10295,0.5218542743821786
9022,0.9727827799420652
7381,1.7897896041095578
13711,0.26767404384696647
7687,0.5608276777161905
13687,0.30726397129257066
15783,0.23280191925897498
13443,0.35464732125325327
10251,0.24451696830243463
2232,5.112309150044268
1703,7.08837282298083
7201,0.9605797600013943
11946,0.3446792927023239
17544,0.4076283794403821
14715,0.18970015269798068
15313,0.2375362537823662
11983,0.285764732221935
15123,0.19644242917939891
17547,0.2168027962991914
13220,0.3963475332043913
14890,0.28430410189099575
11332,0.8028727272581477
17920,-0.3225928136689049
16108,0.18889583372384777
12465,0.25530677282500847
9115,0.6504711841285484
1529,8.29362304667012
2253,5.628724310079463
5586,1.8060216167230578
6193,1.7038145044030557
8317,0.9935632445909164
3415,1.3609466809203354
2223,2.8633015184391866
9755,0.5872360602739377
5126,2.638589368680016
6116,1.416098360554372
2812,3.343527939553553
10629,0.616736763434858
6152,1.994637685708824
5663,1.351699195122876
4371,2.2822665477556825
3141,4.8788327103437155
13043,0.23540139784978464
1388,4.502397094411265
7717,0.8037061973787445
16305,0.2628615337974338
11876,0.5004266453073001
1966,5.371283611390311
14114,0.273614815146459
15881,0.23447956122782898
10223,0.5449771269894086
8751,1.0261662018988886
8753,1.2456347497100637
6469,1.745381153569781
1061,8.142559857374692
8929,0.699895214315859
10922,0.21092317271569527
715,11.420825397194733
9704,0.6773465934655292
7027,0.9462589388004403
17451,0.30547099575375114
2639,3.6710122762249853
17951,-0.7265919672690302
5005,2.0081033410561417
5651,2.386674370715866
6325,2.062656520514622
6923,0.6250974117249939
11624,0.28183010386879914
7035,0.6855479818623849
11021,0.21092317271569527
17416,0.2860144971021441
15425,0.12150218512061883
9709,0.9149788700481736
10866,0.43678010210311413
15023,0.17998729446100015
8859,0.6240365324702566
6559,1.8412743562924447
5140,1.6882598182147035
1033,10.227488809654062
593,15.61757184379627
17693,0.15950088087805625
3933,0.4700745260429926
1915,4.800830515103883
5367,1.3352123231614428
11664,0.3842276369032902
16487,0.20401378905290812
2093,5.120240907325808
17230,0.2673716863640152
6214,1.7881128222796292
9412,0.6523779937770655
4864,1.7257334431672575
1826,2.9871911877203843
13160,0.29543595761793995
15828,0.2530571259767953
751,13.740081272242435
13198,0.25307539002420754
16392,0.26042169244334445
8938,0.5242189214421273
12230,0.28395328170773837
4400,1.9415588218237758
7197,1.8814015079479418
1702,6.559897325532177
8717,1.0363892568400956
3932,3.0437456467842026
3867,3.208430316203305
17551,0.22016567789495411
2810,4.094671777148335
3745,2.5781134983074594
2627,4.315716746290093
7612,1.1078595428121503
2265,4.088129176675523
3458,4.59640188466534
5376,1.630799981142502
5316,2.189468890934961
4674,2.9117221508320767
12374,0.2926337883439487
9797,0.2653038373660479
15422,0.232172004889037
10783,0.4912271152944072
6427,1.26926664218837
14878,0.19217773318183617
17491,-0.027207349062962294
4710,1.778616113404098
15561,0.217118798243348
4336,-0.1741052112178636
7241,0.6538475845409835
14626,0.2052878921904835
3089,4.013327165660542
16530,0.2855981174641897
6954,0.9737922147706399
11904,0.3837386308430837
12601,0.4198312134656703
8664,0.7053185093168963
3077,6.034740112891143
12211,0.1891127321319459
14376,0.21714742839191103
15121,0.2608415933823949
13181,0.2444786779656738
8582,0.8492097329188368
11325,0.5976075332490041
5527,2.3896244111245437
1248,11.493601115893455
2169,4.7801451293456125
881,10.808691682852952
10169,0.5884626968950784
124,14.32777670257343
11153,0.3727553538736288
9961,0.5191339261173766
12491,0.28955115053196323
2392,6.537574893964404
14455,0.17265550949429098
5124,1.2474586842482154
12919,0.38596078424353664
2518,1.1555592225095666
14965,0.035053070600781666
17559,0.2483721669371448
10481,0.3975163359444309
14139,0.19233189133507267
6059,1.2797060166467986
14579,0.2296646163702576
2917,4.607706056632253
17207,0.14853324563870274
2148,2.924791195932869
2356,4.4872917137093395
90,27.26643262192198
17284,0.19813934073278006
14297,0.282977194446687
103,31.171555414016495
16754,0.19505153987353196
8907,1.1878321887632524
493,11.73045129312419
11927,0.33988484811635544
17180,0.3377482979702222
10551,0.2988800156002185
5394,1.884540348153962
9771,0.07727346784037081
6501,1.068794072570256
12300,0.38025103409387384
9729,0.45923518445812306
11722,0.3067400712253061
5562,2.1282083813787835
2415,4.07269597632677
7943,0.7550813220414625
10320,0.3493806702884399
1860,5.655517225218375
6447,2.4835367128706025
13859,0.19729337978111516
6870,0.9605797600013943
10225,0.46764336789925665
4252,2.0257251959783957
14963,0.19217773318183617
4242,2.778925687756157
12050,0.43580153303634006
17796,0.195166750221631
2572,3.644466332820741
8533,0.7161434827249309
5619,1.8451123329778625
16660,0.2688904846848459
17459,0.34520958653234857
15294,0.29442743984901654
4588,4.342737549864353
9308,0.5854651388136176
654,10.33561483569116
7824,0.4615828204755985
15284,0.1424543817482231
11649,0.33782589081562264
3043,0.6560305506509962
11327,0.35486000812358043
15922,0.25833952778890534
17052,0.29060736343882354
11637,0.5018105389836478
17541,0.1738575169067076
12170,0.4241426654094198
9875,0.5137598506640302
14190,0.046489395609171424
10507,0.7229736698562306
17699,0.12790975491458312
11962,0.35196350524944364
11806,0.3082706139849165
12802,0.2903671361810325
9697,0.49259979309255186
13155,0.12212329344998807
1062,11.071690671088902
6194,1.3809384774290834
9533,0.652661139535951
4495,4.388734459105137
6499,1.3598002058416228
15940,0.23733773170471295
1510,3.795686783145868
973,10.047911943491783
11935,0.3687551436901799
5304,1.351699195122876
4986,2.463339607487171
926,11.093248902915832
1881,9.153067931791213
5786,1.476072707506603
9474,0.3132904985525897
1786,6.406393455552973
16134,0.1561037220079129
10271,0.3580106912609722
5010,0.9448451070236956
6790,1.0816864153510437
15384,0.2384121111745685
16366,0.2757527678004976
6304,1.4056765722648947
646,9.546687190114483
8741,1.7368463556156826
11107,0.43163572814438567
12934,0.22275346884299552
4334,2.2301261377027117
14383,0.3695590880984696
9521,0.5739792098539169
17864,-0.3930680807431486
2874,3.0826378345209946
1961,4.968895854336608
16983,0.2950639285314196
8657,1.1157618305897472
8310,0.8393347961330733
7299,1.0232164698869042
4234,1.9743097758346835
10415,0.5878354406812036
5643,2.6753550860890414
7673,1.6665968942791665
3941,2.8232115878197988
11091,0.3028651313950945
4905,-0.22953801273519048
14074,0.24169371004887807
15878,0.25684572549408813
6875,0.9054872112911312
549,15.639518945690554
10681,0.43678010210311413
14785,0.23608036092701923
3686,3.395447733337562
16576,0.2926637861747281
7252,1.3914154117715611
4020,1.1811359215928974
1841,4.371211430558844
15338,0.20005617465182013
10350,0.7507115460467162
5825,1.9331122063729822
8067,0.27195534556318535
5666,0.19158875323120128
12561,0.3869871408324457
9976,0.3872553054066543
15910,0.22346875112754105
4638,3.011729179497763
5705,2.4595774937002375
11419,0.47693929782946043
1315,6.323947336678032
10280,0.5711117115218372
1506,7.430855167153879
3878,2.3781535854005256
16084,0.27918194237878424
381,10.349810710446093
370,13.671763499768588
16127,0.2767206482267852
8881,0.5921772574648116
13573,0.21137776378560602
7379,1.9119687723958236
170,19.782259118374952
16624,0.2829582274305835
14575,0.21483601914752626
10215,0.3083403008702703
5087,1.7094562520852037
6777,0.5598187979138061
12119,0.2977714634380959
6999,0.9130373730279757
17012,0.2880763760054492
6851,0.884703391894675
15447,0.2330830376570816
6610,1.0470765219830014
14088,0.1845424607393511
1039,9.434622389220806
6183,1.1686887683070495
10410,0.9531444485731413
15469,0.21014195495132526
5827,1.3746365288796483
16999,0.18374555505403123
2522,0.9206902740971259
15855,0.21535456875773207
2785,4.597031272941706
17735,0.12790975491458312
10918,0.47693929782946043
17263,0.28217319642709526
13623,0.35464732125325327
4815,1.6177989823470966
3328,1.9348745037835329
9734,0.8942161132570732
2005,3.0085598400101503
5728,1.7604494927086876
4260,2.0257251959783957
1262,6.176222772267295
891,7.801654511768959
7085,1.2407522425531283
509,11.726792866511062
7310,0.717436562298019
1745,6.162229032104108
3886,2.3781535854005256
6474,1.8695845263069373
12817,0.47007469726969475
7749,1.0784169848573697
11661,0.31520683543459427
15993,0.0753437015849272
2667,5.33015621392957
225,21.546349397359847
17000,0.32784642563859734
2358,4.907016436543074
15116,0.20919389593547066
14229,0.17089591658810832
6353,2.711982133265849
7413,0.094902876743447
7855,1.0608233344469795
15516,0.20772124046794715
11810,0.0931895905285387
10057,0.4420091844077092
11668,0.8100822367394471
14265,-0.07828530590535365
3921,1.3609466809203354
12322,0.26657816442985904
14272,0.3049296010574949
385,7.337801595809253
14607,0.23196463282721425
3404,3.261220368352099
7068,1.1876374211688585
246,22.308932915703338
1979,6.261892234452546
2446,5.207987664299765
11195,0.3089946399823589
261,23.606527218693884
6319,0.7639440488972582
15067,0.0972590750371296
5865,0.07152020048630447
12875,0.18708609955416478
13167,0.4210705014441487
2777,3.901187298110301
11053,0.8313142713250841
17380,0.3030101297384249
10814,0.9668594588584369
14134,0.27115069559368976
4871,2.827847348514581
6816,1.1420014208793532
16047,0.19595144683177068
2116,4.916977924510832
15293,0.26779609972737717
16347,0.22952655323643967
14014,0.3162039141005266
13252,0.25541533656161164
7896,0.895858224392498
8037,1.1150282935576001
3311,4.341174471773513
16120,0.2798521063035082
5187,1.7439275444601776
9307,1.1034757044206458
17748,0.0882812126685053
12003,0.3750909340788553
6505,1.3110702704209984
17421,0.13754486402723387
3856,3.273753381309973
7742,0.7284140495181077
11631,0.6040181101687381
15635,0.23505386223047253
4302,2.3386798907445723
1162,14.15625963825488
7899,0.5044010417209961
3122,4.301525896434725
14187,0.24010333287384356
7648,1.1011514622444452
17441,0.24812842622355902
3115,3.649363008316243
7104,1.3476239420811567
6306,1.4342059737398927
1810,4.98861246864891
1222,7.018034468728786
13107,0.23984481082544562
16948,0.28748050869290864
13517,0.24365255654589646
790,10.49065427010197
5639,2.975724633392076
8353,1.4483206664102113
8889,0.11554687839162625
1030,7.486431107558303
9498,0.47183702236594627
10717,0.38943123457062256
13787,0.19500280103426348
9696,0.14536447839446964
5646,2.008011918853583
12897,0.3669128532911259
7293,1.3318662123741092
16666,0.2138188503295737
15504,0.4041438269537707
16904,0.4220347564717599
11351,0.39517381252477435
8505,0.6989757054064398
4893,2.1475333266674284
13077,0.24998700647580563
8131,0.7508399129372378
14698,0.22899518013815623
13015,0.3757503500563075
5282,3.436984894715863
9867,0.5990393005959618
7602,0.4354034633361721
1584,3.787883244191619
919,13.301888624901778
3659,3.550964818803152
16016,0.23752224068931582
12901,0.3122886079264049
17138,0.2903382207985601
12681,0.38333773011237327
17341,0.31228410146110264
3174,3.126141594807052
13627,0.2880150787228217
7477,1.2073156714293987
8795,0.5621098877502959
2478,1.9150744854037498
4684,3.225147301819163
11960,0.38025103409387384
5577,1.9849387526474516
8901,0.8609238014549305
9328,0.014889210592002655
484,12.025802346682724
16682,0.38163276659230405
4881,2.4155216043012047
9476,0.5266882964641013
15349,0.2624435120970361
14843,0.06082848237980443
10573,0.5434011244370254
15601,0.2352784610494041
11289,0.3691435669198313
5912,1.003790686400464
16753,0.2796879822952292
2349,5.521078767841857
16472,0.34292200795545114
8777,0.3132904985525897
11587,0.3390355597489929
3900,4.77782026496385
10827,0.3493806702884399
7376,0.884703391894675
7862,0.8216267589123731
6009,1.7822519481656514
15309,0.25920671394993633
3854,3.1128153805980787
2525,5.412085702623983
8585,1.0879418646025556
927,8.666138267826284
4841,2.366142786239891
9803,0.7993805369474671
1289,7.567663964202723
16743,0.3043101774442789
2494,3.5452807733391296
5953,1.0200064911830964
7157,1.42656712830086
6616,1.6663578504947623
9342,0.7993805369474671
17007,0.2723249794949538
17806,-0.09549074881653041
17939,0.050295986499861556
5114,2.2679862760233505
13613,0.43936226299143755
9084,0.33986283667223915
8446,0.8593212782071191
6596,1.3996199318235654
3463,4.030480530615307
6537,1.112406786008762
15174,0.19653206007416202
17560,0.34308364816462245
16830,0.2945458106515275
6379,1.1777600256855862
1948,5.906225508053296
5845,1.421958475660233
9581,0.49527611667241445
8190,1.0267427188371698
13503,0.14266239243585233
5713,1.4178634090395121
17932,-0.21036880543164216
10583,0.3034246866137096
7149,1.410589010221031
10726,1.4329424495022636
17907,-0.15754731602424954
6356,1.8061579968901356
17130,0.28996935449123384
10759,0.4464373466369693
7876,0.7693400464075353
8705,0.271220441238313
14051,0.18514839932146288
17522,0.15397781846701264
1526,11.664867888227548
13248,0.3185398267347068
9470,0.5835158378091023
22,60.6122653815583
10609,0.18601416868801834
12302,0.5103228132787194
11509,0.4061965252224695
5783,2.2189296636568656
4771,2.5601476180200393
2137,3.703982668019364
3633,2.4166403522604583
8295,0.6408658136891177
9919,0.11900171077792265
1552,7.265065736796089
3944,0.7441126317167459
17266,0.27270332903259487
5490,2.791191130983691
14296,0.1860547346523731
9454,0.5826003445120591
17778,-0.02302478271548125
3865,4.654188905376088
12821,0.2532785315307251
5935,1.1854502960912328
8264,0.7989612414131102
13612,0.1951558996357221
10135,0.4668914166575746
5459,-0.3334210946254075
9878,0.5726386066251621
17308,0.29685654462610955
15924,0.3457880387623504
15758,0.11800480516927792
6148,1.26926664218837
1455,10.77861737510267
6487,0.4239781961453559
11998,0.4241426654094198
5354,1.6580931731999158
1024,12.447297398344347
6963,1.0681357819331083
5151,2.1808788405567725
10604,0.36274299295638457
11778,0.5911644744379032
13631,0.4259594363123256
12923,0.1906242692244291
16641,0.2170488418078662
13313,0.2958952259257899
10471,0.7912556562951636
16458,0.2984755961761607
7842,0.36648863832516554
362,18.425399335245004
11171,0.3392558990636303
1235,2.1152738354103917
14779,0.17265550949429098
11440,0.48492809280315896
9942,0.8014024452971285
981,9.099545421823507
9687,0.6826890815885349
1833,9.951033503119163
16009,0.31883810213327024
9078,0.5990393005959618
13075,0.2958952259257899
3332,1.0997978732883098
10897,-0.10622838573652871
4472,3.297327575866859
15039,0.032893181389283654
10787,0.43389561071472826
7459,1.2495932909990302
2407,4.246671259328025
14946,0.2974349896888384
4974,1.351699195122876
17763,0.13152485224514976
3079,4.85880731140611
15761,0.125887252049381
10643,0.2748879768333268
102,32.91947757327358
14900,0.2355932750584202
6346,1.6219733129653946
5301,1.9766477866663195
11191,0.2477508278244045
8427,1.3342797585035555
17571,0.22737622023868198
15777,0.26837422399904654
2794,5.690740896091768
12422,0.2831393060449159
14828,0.2759933050543282
14295,0.29841777096277156
10890,0.17449861051755988
13191,0.22906012370737017
669,6.00044165242258
5800,0.39911907623587695
2254,2.982022507932072
7277,1.0446456315360706
6070,0.7923500392133178
1846,5.154945083337282
15781,0.2216398698240596
7304,1.6912795258818392
9043,0.8859038644639554
6454,2.74060634068843
4333,2.523751310499449
15670,0.2250143522856547
5013,1.8153032615508096
17117,-0.4927102395412817
13340,0.21466288667471645
14286,0.2542880543037995
45,26.681786822428478
14395,-0.02255507775902288
9906,0.6969542077411575
17290,0.2698818532010705
7038,1.053404872059275
6554,-0.05829746189596108
1777,6.261892234452546
12183,0.5984591921440483
2375,5.476969665062427
17727,0.11804608884239087
14709,0.19191758489915856
11793,0.3497972528937794
6690,1.1695816326251247
6704,1.3923056034357728
12940,0.19986860996010591
15884,0.19345768555973564
10327,0.43041387797194375
12531,0.19612876043657934
7714,0.6594382934777627
12215,0.37103779877321585
3329,4.001529646415804
15448,0.26421208903872184
4555,0.5186932008546705
17761,0.08532730630923879
2945,0.7022725125598868
1306,5.8135151467946
6897,0.8678456197240507
50,50.14060557612635
2177,3.8087904160429957
201,30.875111922150666
9123,0.6030060768267163
10745,0.40023328939815883
4645,1.790207950800152
4119,0.2726872400376692
14269,0.20712454117784773
8456,0.8110417875619191
7849,1.075031760385457
11194,0.2840483934131157
14355,0.205213531201764
3071,4.122904351039381
10574,0.45144354226437144
14268,0.19233189133507267
1604,5.015330005056114
3734,3.030730327279173
5465,1.7661379486908686
2050,5.615592652479393
17593,0.2221734953125747
17855,-0.09549074881653041
131,24.783159048358414
965,8.401984286766549
11011,0.36270105470435965
6440,1.8078287433996252
12492,0.44145038891480226
166,21.401212862063005
6958,1.0529369273875204
2337,2.3948851859655065
253,15.070626530793618
3235,3.847156057461973
6586,0.7557261329239395
13972,0.2948378599344892
14219,0.27297127722255254
3780,3.0189800896667407
16078,0.23752224068931582
7589,1.1525697432498987
10910,0.38269632938778386
1349,5.69766052023175
2310,3.674855001081653
14369,0.12624924289713135
12241,0.5170837223636795
11442,0.425922251828581
7114,1.248822446368706
17124,0.3742753029524124
9038,0.5668391379099944
17946,-3.3558522521377085
4110,2.37408443334067
8266,0.5941325047074884
3321,1.0491218804705227
3696,3.9817180331841087
9910,0.6197126968939415
13817,0.24192909915115024
197,9.50832633909664
1192,4.695628258110503
8766,1.2229974734282791
6775,1.2961428945134799
1103,2.025231095633046
14324,0.3063530412194382
15931,0.260676321524727
1709,7.704473147910733
8162,0.8161826814965139
7545,0.9605797600013943
3580,3.0591181262173563
9091,0.6356533972391958
2025,8.097203937956294
2802,1.8119274510068522
14451,0.3128651125148849
10554,0.5619006391239623
14301,0.24192909915115024
17488,0.004970551043527394
3991,4.53936550689383
17599,0.13218570180009692
4126,3.417266258614802
8053,0.806028451021632
7617,0.6643500545665688
14697,0.21781415416859318
16338,0.2656317636015615
7947,0.8231858160395973
971,7.425727511320531
2927,2.655792106721549
5387,1.193346439667323
8289,0.3861676358238242
9601,0.5625971292936924
1304,3.143645627285025
1196,7.754167998795367
14777,0.12604375241159005
7129,0.9893885411707402
16493,0.2896113369445743
3983,2.1127147058280684
516,6.42215011605964
11969,0.31089546443564586
16378,0.21955310041977327
14778,0.16044167094543127
9673,0.7226329419370927
13447,0.2741579062649748
1156,13.609441439558452
9310,0.21763851101292175
3735,4.24860705479756
17898,-0.18606753086447725
8018,0.7909368103174188
15895,0.25796489087070995
11576,0.26068955082070033
14955,0.1731066844948259
49,47.86193259700764
4009,1.7216587178500617
5857,0.5897637900303039
9969,0.2584106955883385
10957,0.18693122528253525
15230,0.1424543817482231
5521,1.2134535696048374
3392,3.5402700321647558
17711,0.3599091415540556
3090,3.757347206545603
12885,0.3153004628550775
14146,0.20973925759773238
7737,0.410417457593951
17741,0.37466539806297305
14438,0.19180810724270714
2350,0.47056793640837213
13851,0.33830192524106906
2493,5.1648917797700165
14628,0.3840737541227668
11665,0.38435607667298655
8108,0.7567548358895806
6566,1.2227392100863312
12507,0.19803947444398773
2671,3.687083401538132
13625,0.3436273821290001
14499,0.2498561435552915
8444,0.5872478355966564
17224,0.2914954920019568
13235,0.19986860996010591
4948,0.7947505245679736
6166,1.713198148176673
2429,4.7332407088563855
13137,0.20366572873496125
10524,0.5458026675656242
15788,0.30536190176945865
13763,0.19452529068308877
13145,0.14220035000340658
4787,2.7249525059317534
7178,1.0386968236512644
5207,1.6580931731999158
4751,2.6125458607817222
13708,0.2774475929555251
17743,0.2349627610374796
6763,1.387649856643577
4688,1.9874106770753883
7432,0.9118462625113466
13746,0.2208838042479897
5315,1.8684705808694275
1409,8.90688632961593
1261,7.6622313184146265
14975,0.18315737196718374
16663,0.2855981174641897
11478,0.306662114809626
5362,2.1918724228181077
5535,2.1822220224067337
16765,0.29865003807191215
3903,1.4257274218821863
11660,0.4991914650670992
13565,0.21779729319115404
2319,2.8920811572284606
7554,1.285277253487095
15986,0.24323156372116728
7651,1.0958481057228369
11058,0.38381262442550224
15496,0.17696009823663417
9045,1.1825132840272659
10825,0.5519650956680948
9284,0.8886586863025627
7638,1.1309848429182807
13369,0.4116411850166628
975,11.761525150134105
3185,6.791045515471808
7839,0.7508399129372378
16230,0.3076744650016394
1277,4.3779542276275265
6289,0.9685913746407664
9693,0.787436879900099
7977,1.0347309072697612
15632,0.255463233539615
1704,6.454596642237277
8458,0.46502151046416884
17331,0.5280232994932135
14141,0.23688314037264036
13606,0.32701506316522
10340,0.46837716930127726
8712,0.2210739739664973
15074,0.2431863924439881
1285,7.018034468728786
6702,1.1591224194744996
6985,1.401528721389525
824,10.506978698544174
12640,0.43770636077971403
14094,0.6317116356922838
3208,3.3986757388832416
8422,0.279565478204006
13725,0.25982711648572376
13255,0.35167864298460927
9493,0.7122135328377794
7003,1.3925416302793678
17692,0.11804608884239087
4417,3.5665711116765237
10372,0.6827820279825687
1070,9.783184551197621
6882,0.9622399742075345
9584,0.8851651733839958
8688,0.9171803919651325
34,55.78952658640452
15925,0.07340573198035827
1637,5.657653539268551
12311,0.09344444196318591
9959,0.43904880379733413
7306,0.354029905343225
13325,0.14220035000340658
8102,0.7299110641159245
17732,-0.09622596259322336
5131,2.6854684212183315
8674,1.0822640677111508
14350,0.11713664454447326
5160,1.3352123231614428
16747,0.45904375009996556
4177,1.2181953781499146
10122,0.12705325097846298
1802,7.037155061612168
10229,0.5073323348861436
13117,0.45873619485934114
15549,0.09247382667723514
1140,12.319189985740252
13275,0.27980752312515733
3869,2.7933931800399137
3794,2.5781134983074594
6111,1.8848530603250424
15663,0.23553926757227828
5942,0.9430775659189408
15423,0.2431863924439881
514,5.913659208652518
11069,0.38381262442550224
17458,0.2216936717377962
9750,0.5377442101033125
2955,3.853050407997273
11858,0.5766553475257865
13952,0.17455008603025135
14401,0.21099036490437584
11676,0.639594606252615
8130,0.5440410012859616
13757,0.27119910953325643
3372,4.087717432534703
13280,0.4135488912802998
14431,0.24801337573859428
12974,0.29543595761793995
13811,0.24937871477737872
11038,0.3727553538736288
15435,0.11488998378337101
13241,0.2598030041261268
12982,0.38899779651484323
7142,1.3837055868416996
16442,0.26823767909087337
13229,0.20839698764740433
1176,7.931311405531289
17,43.200033787056384
8150,0.9542455470803475
16051,0.2539544416159174
666,7.04750119156148
15280,0.15807278697212723
7771,1.5016020083635908
13907,0.16915395606275752
11114,0.7948960649897003
13203,0.291981193149752
10077,0.595184822177373
16825,0.3423224583232809
2104,5.875866373609654
912,10.733632064226242
5787,0.9685913746407664
9505,0.49139613478047295
7326,1.3652426058648075
16771,0.28939397435925684
3806,4.923657739246721
364,15.790966445238666
7258,1.1011514622444452
16251,0.3816680743728398
5692,2.4496826421100764
7352,0.9800001180095137
10567,0.3034246866137096
6970,1.206762276753409
17821,0.2245190661232641
8158,0.7763526001229479
16502,0.2802234495955531
665,7.08759664880796
6317,1.8078287433996252
11389,0.38844012929399696
203,27.066134931820727
1274,8.21103157087174
6600,1.2524833142302327
11956,0.25795560571674514
6467,1.5055927809281116
15110,0.15749922399442084
17916,-0.06454336184168596
6736,0.6538475845409835
15364,0.21458583886379756
9240,0.5572628037207892
15634,0.2171009871549927
8713,1.1483200609428081
4423,2.2040536422026094
10,56.08190538288187
2827,2.905946939536591
6115,1.4771527675127913
9431,0.6360663814451186
2678,3.2705407737244627
9003,0.5625971292936924
10637,0.6308786614641235
3201,5.4836711119931465
420,19.538404241561523
6491,1.388542936070337
8508,1.10233675212163
1476,7.7304108979763555
6042,0.9942324599510926
17279,0.30079712375965073
11121,0.33214866936083354
7963,0.8572760658135508
6921,1.6812910502140426
7285,0.9576521744232309
16821,0.28939397435925684
6455,1.4056765722648947
2325,5.304281697525141
10000,0.46201349187100504
4517,0.01610357063606216
6909,0.9870113124910063
3140,3.6935666568093097
16752,0.31944356291847953
11932,0.2575024730620612
4240,1.8089586130857356
12077,0.31912234066913925
6683,0.9054872112911312
11238,0.5612844434393196
397,18.452588067747513
6109,1.382420446348135
17096,0.26868834279099474
15853,0.5669046965245457
6607,1.0719760687546227
11726,0.4855806926023547
14306,0.10951525344199808
6430,1.1686887683070495
14323,0.27119910953325643
14994,0.12732113038856596
2793,1.8716287135162588
13609,0.30919041792304824
13918,0.10105027240575737
16966,0.35754859836657715
3508,1.3609466809203354
2920,5.221731339625251
7916,1.7512447325726157
14684,0.418145773137951
2233,2.388743752601897
1912,2.418727363940036
7279,0.27857965012623254
531,16.900309375083964
7366,1.4715902506760017
56,40.84974441476021
5021,2.5296863828296523
8659,1.1080502143723265
5217,1.7685518850192352
7143,0.8639848390578777
15721,0.22346875112754105
14299,0.2636096065501192
2585,6.99490292181946
17657,0.21873197394683075
12114,0.5166782841623103
14564,0.19979893532837423
229,29.850429084108384
15264,0.19653206007416202
4557,2.381914052572995
5979,1.0905689374672534
4153,2.0003431012901842
8523,1.4264832102410878
759,10.808691682852952
4408,1.8685748221653853
16732,0.29066697866511504
16631,0.25983319192647514
17253,-0.5618391787358519
16028,0.23212314348603513
4927,1.9379447925389854
8080,0.6817626050925014
5061,2.625685039290431
4043,3.607682475895956
14488,0.1984978312169119
17321,0.13121339615810257
3407,1.463231603720999
6785,1.5068625418294346
14125,0.32130457010094915
15065,-0.0001409434093488926
3445,1.6973175335527344
16426,0.28571725809803183
12236,0.2336799656516746
2738,3.8342411231881783
3820,3.155517232095292
4475,2.650564808713
7897,1.0366220691485637
15536,0.15749922399442084
10478,0.3916449867616052
4659,2.353124025599584
12289,0.26489775766896173
4562,2.239577761464318
6489,2.014414171487317
17698,0.14838931316495518
10390,0.6263377422265535
10631,0.5291660503949629
1511,7.314988479798387
8738,0.23655979868186705
7511,0.6223297009988187
7207,1.031878208167484
16321,0.250054048604909
14706,0.1731066844948259
8491,0.7982140562547215
9483,1.2635713039890675
1706,8.702341211800842
1129,10.477495260151557
613,11.068608267261482
11682,0.2819722646748346
12701,0.18920163163403458
2154,3.897050516936872
6164,2.2102417360748063
2144,7.896133111306483
3178,1.8716287135162588
4189,2.121648360572692
4470,1.6983619664513867
15509,0.2753733263460276
2560,3.3731328493809656
953,13.301743870921257
17520,0.41590614465968656
14115,0.23469044679160334
11450,0.5164667248380397
1575,5.220282750575336
5155,1.9546299855849725
10204,0.0477727725288446
7929,0.8641738397776066
17610,0.3659493460134513
1608,4.223061646203007
2346,2.3792123703147467
4926,2.1246471877130375
13304,0.3115084905257959
10259,0.4062474085129111
707,11.65045173744835
8485,0.5949670310215538
2409,8.390794634945507
6753,1.1423658899594216
8514,1.509825902560408
15991,0.2525081177250854
10982,0.3842276369032902
4884,2.5818596223910504
16788,0.23178746402828665
16099,0.31691865069302594
5250,1.5113641819003192
7446,1.0609520876822103
14138,0.16143634712676658
10230,0.44704891977067973
4945,1.7094562520852037
11498,0.4168010996025373
1877,8.745154900921364
8391,0.7555937566017406
12514,0.3583662678291262
6980,0.9048463150455177
3387,1.407164737646383
1675,7.5083975838190895
13532,0.2958952259257899
1716,7.792366699377737
10836,0.7709127963308333
15702,0.0753437015849272
2756,2.9555030377110256
5517,1.8077048018054143
2041,2.3967707376619387
9558,0.05470879413957164
3136,2.999551519404406
6813,1.2479811826097489
436,14.71078686746938
9554,0.6241145652437012
5149,1.6941115531897708
8802,0.3132904985525897
5337,1.6004703626668402
4971,1.7387998496595287
6967,1.0536548094412979
12096,0.3012097954566002
2604,3.0180617253727746
14726,0.19979893532837423
5439,0.017426416051023352
16883,0.28989470160860265
11652,0.5018105389836478
14349,0.15979000565704382
10222,0.5677314222198788
17396,0.1961468049533437
10126,0.4244264567956293
9861,0.22800051300220048
9266,0.38923765826399404
1734,8.078179558152044
10332,0.29322292463240274
2001,7.008119163347885
5289,2.772842733770915
14584,0.23608036092701923
15439,0.20986204230513295
2053,6.356912945767874
7777,1.1048654319502589
1063,0.793294573343303
4114,-0.14302218056803895
9953,0.5449771269894086
10452,0.24451696830243463
4716,2.620639131151222
6477,1.6269889917658134
8048,0.8653975586499314
2725,3.093762060940719
9445,1.346940980197644
13794,0.16832722559894364
12790,0.45181831208566336
1259,5.220282750575336
2980,3.842303203805443
10770,0.3438090137720451
4455,2.8434273284693177
14287,0.15914250944462083
3874,4.113885045433392
7210,0.9870113124910063
15906,0.22311023666867413
17344,0.09424895570606395
16449,0.2767902939017972
5880,1.3741655799604473
17397,0.27270332903259487
7922,0.8529745437556926
17291,0.41396306512439196
11520,0.6030244731678636
3704,0.4527663467015941
5,83.30041926697828
6026,0.36450684850098014
2024,6.264644127623626
6776,0.6250974117249939
13224,0.2215336652537303
9242,0.38923765826399404
6435,0.3517493816848969
12254,0.2918741778867684
15975,0.19847109114590467
4575,2.062676493675383
372,17.217287228455973
515,4.846663267212136
4093,0.8759588178159561
2675,3.1981539585324867
8531,1.5782240280264546
17486,0.23273656808663645
392,24.883165093472655
7580,1.832433082499449
398,16.166766654728747
12425,0.2831393060449159
5584,0.7741336976624211
4629,2.085098882701061
6123,0.9430775659187134
664,9.690294295117894
4238,3.6110760050594877
